"file_name","name","company","date_of_birth","job","social_security_number"
"image_123.png","test","test","2020-12-23","test","test"
"image_15.png","test","test","2020-12-23","test","test"
"image_81.png","test","test","2020-12-23","test","test"
"image_37.png","test","test","2020-12-23","test","test"
"image_87.png","test","test","2020-12-23","test","test"
"image_112.png","test","test","2020-12-23","test","test"
"image_29.png","test","test","2020-12-23","test","test"
"image_110.png","test","test","2020-12-23","test","test"
"image_91.png","test","test","2020-12-23","test","test"
"image_21.png","test","test","2020-12-23","test","test"
"image_124.png","test","test","2020-12-23","test","test"
"image_12.png","test","test","2020-12-23","test","test"
"image_6.png","test","test","2020-12-23","test","test"
"image_28.png","test","test","2020-12-23","test","test"
"image_22.png","test","test","2020-12-23","test","test"
"image_54.png","test","test","2020-12-23","test","test"
"image_139.png","test","test","2020-12-23","test","test"
"image_142.png","test","test","2020-12-23","test","test"
"image_107.png","test","test","2020-12-23","test","test"
"image_64.png","test","test","2020-12-23","test","test"
"image_116.png","test","test","2020-12-23","test","test"
"image_122.png","test","test","2020-12-23","test","test"
"image_57.png","test","test","2020-12-23","test","test"
"image_148.png","test","test","2020-12-23","test","test"
"image_120.png","test","test","2020-12-23","test","test"
"image_101.png","test","test","2020-12-23","test","test"
"image_93.png","test","test","2020-12-23","test","test"
"image_140.png","test","test","2020-12-23","test","test"
"image_131.png","test","test","2020-12-23","test","test"
"image_130.png","test","test","2020-12-23","test","test"
"image_117.png","test","test","2020-12-23","test","test"
"image_7.png","test","test","2020-12-23","test","test"
"image_62.png","test","test","2020-12-23","test","test"
"image_72.png","test","test","2020-12-23","test","test"
"image_40.png","test","test","2020-12-23","test","test"
"image_51.png","test","test","2020-12-23","test","test"
"image_30.png","test","test","2020-12-23","test","test"
"image_52.png","test","test","2020-12-23","test","test"
"image_79.png","test","test","2020-12-23","test","test"
"image_44.png","test","test","2020-12-23","test","test"
"image_127.png","test","test","2020-12-23","test","test"
"image_102.png","test","test","2020-12-23","test","test"
"image_119.png","test","test","2020-12-23","test","test"
"image_135.png","test","test","2020-12-23","test","test"
"image_114.png","test","test","2020-12-23","test","test"
"image_86.png","test","test","2020-12-23","test","test"
"image_3.png","test","test","2020-12-23","test","test"
"image_4.png","test","test","2020-12-23","test","test"
"image_103.png","test","test","2020-12-23","test","test"
"image_143.png","test","test","2020-12-23","test","test"
"image_80.png","test","test","2020-12-23","test","test"
"image_85.png","test","test","2020-12-23","test","test"
"image_48.png","test","test","2020-12-23","test","test"
"image_145.png","test","test","2020-12-23","test","test"
"image_14.png","test","test","2020-12-23","test","test"
"image_147.png","test","test","2020-12-23","test","test"
"image_18.png","test","test","2020-12-23","test","test"
"image_20.png","test","test","2020-12-23","test","test"
"image_104.png","test","test","2020-12-23","test","test"
"image_108.png","test","test","2020-12-23","test","test"
"image_89.png","test","test","2020-12-23","test","test"
"image_58.png","test","test","2020-12-23","test","test"
"image_24.png","test","test","2020-12-23","test","test"
"image_42.png","test","test","2020-12-23","test","test"
"image_63.png","test","test","2020-12-23","test","test"
"image_5.png","test","test","2020-12-23","test","test"
"image_69.png","test","test","2020-12-23","test","test"
"image_98.png","test","test","2020-12-23","test","test"
"image_111.png","test","test","2020-12-23","test","test"
"image_83.png","test","test","2020-12-23","test","test"
"image_129.png","test","test","2020-12-23","test","test"
"image_113.png","test","test","2020-12-23","test","test"
"image_55.png","test","test","2020-12-23","test","test"
"image_31.png","test","test","2020-12-23","test","test"
"image_2.png","test","test","2020-12-23","test","test"
"image_126.png","test","test","2020-12-23","test","test"
"image_38.png","test","test","2020-12-23","test","test"
"image_53.png","test","test","2020-12-23","test","test"
"image_35.png","test","test","2020-12-23","test","test"
"image_99.png","test","test","2020-12-23","test","test"
"image_9.png","test","test","2020-12-23","test","test"
"image_134.png","test","test","2020-12-23","test","test"
"image_71.png","test","test","2020-12-23","test","test"
"image_26.png","test","test","2020-12-23","test","test"
"image_70.png","test","test","2020-12-23","test","test"
"image_46.png","test","test","2020-12-23","test","test"
"image_49.png","test","test","2020-12-23","test","test"
"image_67.png","test","test","2020-12-23","test","test"
"image_146.png","test","test","2020-12-23","test","test"
"image_13.png","test","test","2020-12-23","test","test"
"image_125.png","test","test","2020-12-23","test","test"
"image_128.png","test","test","2020-12-23","test","test"
"image_78.png","test","test","2020-12-23","test","test"
"image_90.png","test","test","2020-12-23","test","test"
"image_94.png","test","test","2020-12-23","test","test"
"image_106.png","test","test","2020-12-23","test","test"
"image_8.png","test","test","2020-12-23","test","test"
"image_50.png","test","test","2020-12-23","test","test"
"image_77.png","test","test","2020-12-23","test","test"
"image_32.png","test","test","2020-12-23","test","test"
"image_45.png","test","test","2020-12-23","test","test"
"image_88.png","test","test","2020-12-23","test","test"
"image_118.png","test","test","2020-12-23","test","test"
"image_82.png","test","test","2020-12-23","test","test"
"image_60.png","test","test","2020-12-23","test","test"
"image_10.png","test","test","2020-12-23","test","test"
"image_132.png","test","test","2020-12-23","test","test"
"image_137.png","test","test","2020-12-23","test","test"
"image_84.png","test","test","2020-12-23","test","test"
"image_25.png","test","test","2020-12-23","test","test"
"image_141.png","test","test","2020-12-23","test","test"
"image_100.png","test","test","2020-12-23","test","test"
"image_65.png","test","test","2020-12-23","test","test"
"image_0.png","test","test","2020-12-23","test","test"
"image_75.png","test","test","2020-12-23","test","test"
"image_1.png","test","test","2020-12-23","test","test"
"image_95.png","test","test","2020-12-23","test","test"
"image_59.png","test","test","2020-12-23","test","test"
"image_149.png","test","test","2020-12-23","test","test"
"image_56.png","test","test","2020-12-23","test","test"
"image_92.png","test","test","2020-12-23","test","test"
"image_43.png","test","test","2020-12-23","test","test"
"image_76.png","test","test","2020-12-23","test","test"
"image_34.png","test","test","2020-12-23","test","test"
"image_33.png","test","test","2020-12-23","test","test"
"image_47.png","test","test","2020-12-23","test","test"
"image_74.png","test","test","2020-12-23","test","test"
"image_109.png","test","test","2020-12-23","test","test"
"image_11.png","test","test","2020-12-23","test","test"
"image_19.png","test","test","2020-12-23","test","test"
"image_66.png","test","test","2020-12-23","test","test"
"image_68.png","test","test","2020-12-23","test","test"
"image_136.png","test","test","2020-12-23","test","test"
"image_16.png","test","test","2020-12-23","test","test"
"image_96.png","test","test","2020-12-23","test","test"
"image_36.png","test","test","2020-12-23","test","test"
"image_97.png","test","test","2020-12-23","test","test"
"image_121.png","test","test","2020-12-23","test","test"
"image_61.png","test","test","2020-12-23","test","test"
"image_105.png","test","test","2020-12-23","test","test"
"image_133.png","test","test","2020-12-23","test","test"
"image_17.png","test","test","2020-12-23","test","test"
"image_144.png","test","test","2020-12-23","test","test"
"image_41.png","test","test","2020-12-23","test","test"
"image_27.png","test","test","2020-12-23","test","test"
"image_39.png","test","test","2020-12-23","test","test"
"image_138.png","test","test","2020-12-23","test","test"
"image_23.png","test","test","2020-12-23","test","test"
"image_73.png","test","test","2020-12-23","test","test"
"image_115.png","test","test","2020-12-23","test","test"
